{"stats":{"minecraft:killed_by":{"minecraft:player":1,"minecraft:creeper":1,"minecraft:zombie":1,"minecraft:drowned":1},"minecraft:broken":{"minecraft:stone_pickaxe":4,"minecraft:stone_axe":1,"minecraft:stone_shovel":1},"minecraft:used":{"minecraft:oak_fence":3,"minecraft:cooked_mutton":6,"minecraft:diorite":1,"minecraft:stone_sword":262,"minecraft:stone_shovel":243,"minecraft:stone_pickaxe":541,"minecraft:oak_planks":7,"minecraft:chest":6,"minecraft:cooked_chicken":2,"minecraft:rotten_flesh":31,"minecraft:oak_door":2,"minecraft:torch":65,"minecraft:dirt":304,"minecraft:sand":3,"minecraft:oak_slab":1,"minecraft:crafting_table":6,"minecraft:carrot":1,"minecraft:white_bed":3,"minecraft:chicken":1,"minecraft:bread":3,"minecraft:oak_pressure_plate":2,"minecraft:gravel":1,"minecraft:stone_axe":134,"minecraft:cobblestone":161,"minecraft:furnace":5,"minecraft:cooked_porkchop":1,"minecraft:egg":4,"minecraft:potato":30,"minecraft:cooked_beef":2},"minecraft:mined":{"minecraft:oak_slab":1,"minecraft:white_bed":3,"minecraft:torch":1,"minecraft:crafting_table":2,"minecraft:granite":9,"minecraft:grass_block":256,"minecraft:chest":1,"minecraft:copper_ore":20,"minecraft:tall_grass":5,"minecraft:cobblestone":19,"minecraft:lapis_ore":5,"minecraft:oak_planks":1,"minecraft:sugar_cane":3,"minecraft:diorite":5,"minecraft:wall_torch":10,"minecraft:tall_seagrass":1,"minecraft:furnace":1,"minecraft:birch_log":14,"minecraft:iron_ore":56,"minecraft:birch_leaves":4,"minecraft:andesite":25,"minecraft:bee_nest":1,"minecraft:grass":11,"minecraft:oak_log":125,"minecraft:coal_ore":23,"minecraft:gravel":1,"minecraft:sand":7,"minecraft:dirt":45,"minecraft:stone":360,"minecraft:oak_leaves":28},"minecraft:crafted":{"minecraft:cooked_beef":2,"minecraft:oak_door":3,"minecraft:oak_planks":156,"minecraft:stone_shovel":6,"minecraft:cooked_porkchop":8,"minecraft:crafting_table":6,"minecraft:oak_pressure_plate":2,"minecraft:cooked_chicken":1,"minecraft:furnace":4,"minecraft:copper_ingot":9,"minecraft:birch_planks":4,"minecraft:stone_axe":2,"minecraft:cooked_mutton":7,"minecraft:charcoal":17,"minecraft:shield":1,"minecraft:stick":64,"minecraft:iron_ingot":21,"minecraft:stone_pickaxe":6,"minecraft:stone_sword":4,"minecraft:chest":5,"minecraft:white_bed":1,"minecraft:torch":64,"minecraft:oak_fence":3},"minecraft:custom":{"minecraft:interact_with_furnace":65,"minecraft:mob_kills":57,"minecraft:interact_with_crafting_table":39,"minecraft:leave_game":2,"minecraft:time_since_death":9433,"minecraft:sleep_in_bed":13,"minecraft:climb_one_cm":7847,"minecraft:time_since_rest":9471,"minecraft:sprint_one_cm":564515,"minecraft:damage_taken":2567,"minecraft:walk_one_cm":582524,"minecraft:drop":12,"minecraft:damage_dealt":8082,"minecraft:swim_one_cm":29628,"minecraft:fly_one_cm":119736,"minecraft:open_chest":96,"minecraft:crouch_one_cm":5452,"minecraft:play_time":166223,"minecraft:deaths":5,"minecraft:sneak_time":2129,"minecraft:walk_under_water_one_cm":55281,"minecraft:boat_one_cm":19260,"minecraft:jump":1453,"minecraft:interact_with_brewingstand":1,"minecraft:walk_on_water_one_cm":111907,"minecraft:total_world_time":166223,"minecraft:fall_one_cm":10726},"minecraft:picked_up":{"minecraft:birch_log":14,"minecraft:seagrass":4,"minecraft:crafting_table":2,"minecraft:feather":9,"minecraft:chicken":12,"minecraft:salmon":2,"minecraft:andesite":25,"minecraft:leather":3,"minecraft:oak_log":161,"minecraft:gunpowder":3,"minecraft:lapis_lazuli":30,"minecraft:string":2,"minecraft:dirt":323,"minecraft:raw_copper":69,"minecraft:cooked_mutton":4,"minecraft:bone":1,"minecraft:wheat_seeds":3,"minecraft:stone_pickaxe":4,"minecraft:cooked_chicken":1,"minecraft:beef":5,"minecraft:light_gray_wool":1,"minecraft:sugar_cane":8,"minecraft:chest":1,"minecraft:birch_sapling":2,"minecraft:oak_planks":9,"minecraft:furnace":1,"minecraft:egg":8,"minecraft:raw_iron":57,"minecraft:oak_slab":1,"minecraft:copper_ingot":2,"minecraft:torch":14,"minecraft:gravel":1,"minecraft:porkchop":8,"minecraft:sand":7,"minecraft:carrot":3,"minecraft:diorite":8,"minecraft:white_bed":2,"minecraft:spider_eye":1,"minecraft:stone_sword":4,"minecraft:arrow":1,"minecraft:stone_shovel":3,"minecraft:rotten_flesh":32,"minecraft:granite":9,"minecraft:gray_wool":1,"minecraft:bread":3,"minecraft:oak_sapling":7,"minecraft:mutton":7,"minecraft:obsidian":1,"minecraft:coal":23,"minecraft:white_wool":4,"minecraft:cobblestone":411},"minecraft:dropped":{"minecraft:wheat_seeds":1,"minecraft:oak_log":1,"minecraft:stone_sword":1,"minecraft:crafting_table":1,"minecraft:cooked_mutton":1,"minecraft:diorite":3,"minecraft:seagrass":2,"minecraft:oak_sapling":3,"minecraft:stone_pickaxe":2},"minecraft:killed":{"minecraft:pig":4,"minecraft:salmon":3,"minecraft:spider":3,"minecraft:dolphin":1,"minecraft:creeper":3,"minecraft:sheep":6,"minecraft:horse":1,"minecraft:skeleton":3,"minecraft:zombie":17,"minecraft:chicken":12,"minecraft:turtle":2,"minecraft:cow":2}},"DataVersion":3465}