{"stats":{"minecraft:killed_by":{"minecraft:player":1,"minecraft:skeleton":1,"minecraft:creeper":1},"minecraft:broken":{"minecraft:stone_pickaxe":1,"minecraft:stone_axe":1,"minecraft:stone_shovel":1},"minecraft:used":{"minecraft:wheat_seeds":9,"minecraft:cooked_mutton":10,"minecraft:stone_sword":51,"minecraft:stone_shovel":131,"minecraft:stone_pickaxe":127,"minecraft:ladder":1,"minecraft:birch_boat":2,"minecraft:shield":3,"minecraft:sugar_cane":1,"minecraft:cooked_chicken":4,"minecraft:rotten_flesh":2,"minecraft:oak_door":4,"minecraft:white_wool":1,"minecraft:torch":56,"minecraft:glow_berries":2,"minecraft:dirt":221,"minecraft:oak_slab":4,"minecraft:crafting_table":7,"minecraft:white_bed":1,"minecraft:dripstone_block":4,"minecraft:granite":2,"minecraft:oak_log":1,"minecraft:lava_bucket":2,"minecraft:iron_pickaxe":189,"minecraft:stone_axe":231,"minecraft:cobblestone":13,"minecraft:furnace":2,"minecraft:cooked_porkchop":7,"minecraft:bucket":3,"minecraft:oak_boat":1,"minecraft:egg":1,"minecraft:potato":4,"minecraft:cobbled_deepslate":1},"minecraft:crafted":{"minecraft:oak_door":3,"minecraft:oak_planks":52,"minecraft:cooked_porkchop":20,"minecraft:crafting_table":5,"minecraft:birch_boat":2,"minecraft:furnace":1,"minecraft:stone":13,"minecraft:bucket":1,"minecraft:birch_planks":64,"minecraft:stone_axe":4,"minecraft:cooked_mutton":10,"minecraft:air":0,"minecraft:jungle_planks":4,"minecraft:oak_boat":1,"minecraft:iron_chestplate":1,"minecraft:shield":2,"minecraft:stick":84,"minecraft:iron_ingot":18,"minecraft:iron_pickaxe":2,"minecraft:stone_pickaxe":1,"minecraft:stone_sword":2,"minecraft:chest":1,"minecraft:white_bed":1,"minecraft:torch":180},"minecraft:mined":{"minecraft:oak_slab":5,"minecraft:tuff":4,"minecraft:oak_door":2,"minecraft:crafting_table":2,"minecraft:granite":8,"minecraft:grass_block":137,"minecraft:deepslate_gold_ore":18,"minecraft:diorite":1,"minecraft:spawner":2,"minecraft:purple_bed":1,"minecraft:tall_seagrass":1,"minecraft:furnace":2,"minecraft:birch_log":69,"minecraft:iron_ore":63,"minecraft:wheat":9,"minecraft:deepslate_lapis_ore":4,"minecraft:grass":7,"minecraft:potatoes":4,"minecraft:oak_log":39,"minecraft:pointed_dripstone":2,"minecraft:coal_ore":97,"minecraft:deepslate_iron_ore":12,"minecraft:dirt":27,"minecraft:dripstone_block":10,"minecraft:cobweb":43,"minecraft:stone":79,"minecraft:gold_ore":6,"minecraft:deepslate":3,"minecraft:oak_leaves":2},"minecraft:custom":{"minecraft:interact_with_furnace":36,"minecraft:interact_with_anvil":1,"minecraft:mob_kills":53,"minecraft:interact_with_crafting_table":28,"minecraft:leave_game":2,"minecraft:time_since_death":20997,"minecraft:sleep_in_bed":6,"minecraft:climb_one_cm":8043,"minecraft:time_since_rest":21027,"minecraft:sprint_one_cm":373196,"minecraft:damage_taken":2544,"minecraft:walk_one_cm":203079,"minecraft:damage_blocked_by_shield":100,"minecraft:drop":7,"minecraft:damage_dealt":7721,"minecraft:swim_one_cm":136357,"minecraft:fly_one_cm":305753,"minecraft:open_chest":40,"minecraft:crouch_one_cm":38281,"minecraft:play_time":108363,"minecraft:deaths":5,"minecraft:sneak_time":11082,"minecraft:walk_under_water_one_cm":12451,"minecraft:boat_one_cm":262487,"minecraft:jump":1752,"minecraft:interact_with_brewingstand":1,"minecraft:walk_on_water_one_cm":38235,"minecraft:total_world_time":108363,"minecraft:fall_one_cm":46427},"minecraft:picked_up":{"minecraft:birch_log":69,"minecraft:wheat":4,"minecraft:crafting_table":2,"minecraft:ladder":1,"minecraft:leather":15,"minecraft:pink_wool":1,"minecraft:potato":7,"minecraft:tuff":4,"minecraft:oak_log":48,"minecraft:string":44,"minecraft:lapis_lazuli":25,"minecraft:dirt":226,"minecraft:apple":3,"minecraft:wheat_seeds":16,"minecraft:cobbled_deepslate":4,"minecraft:raw_gold":24,"minecraft:beef":19,"minecraft:glass_bottle":3,"minecraft:sugar_cane":1,"minecraft:birch_sapling":8,"minecraft:egg":1,"minecraft:furnace":2,"minecraft:oak_slab":4,"minecraft:stick":6,"minecraft:raw_iron":75,"minecraft:oak_door":2,"minecraft:oak_fence":2,"minecraft:dripstone_block":9,"minecraft:porkchop":24,"minecraft:pointed_dripstone":4,"minecraft:diorite":2,"minecraft:carrot":2,"minecraft:spider_eye":1,"minecraft:stone_shovel":1,"minecraft:rotten_flesh":18,"minecraft:granite":8,"minecraft:gray_wool":1,"minecraft:oak_sapling":5,"minecraft:glow_berries":1,"minecraft:mutton":17,"minecraft:coal":97,"minecraft:rail":1,"minecraft:white_wool":11,"minecraft:cobblestone":91},"minecraft:dropped":{"minecraft:wheat_seeds":1,"minecraft:birch_sapling":6,"minecraft:pointed_dripstone":2,"minecraft:oak_sapling":5},"minecraft:killed":{"minecraft:cave_spider":1,"minecraft:pig":11,"minecraft:witch":1,"minecraft:creeper":1,"minecraft:sheep":13,"minecraft:pillager":1,"minecraft:zombie":16,"minecraft:cow":9}},"DataVersion":3465}