{"stats":{"minecraft:broken":{"minecraft:stone_hoe":1,"minecraft:stone_pickaxe":1,"minecraft:iron_pickaxe":1,"minecraft:fishing_rod":1},"minecraft:used":{"minecraft:oak_trapdoor":4,"minecraft:stone_sword":96,"minecraft:enchanting_table":2,"minecraft:iron_shovel":142,"minecraft:flint_and_steel":1,"minecraft:oak_sign":1,"minecraft:chest":4,"minecraft:shield":63,"minecraft:iron_sword":46,"minecraft:cooked_salmon":4,"minecraft:stone_hoe":176,"minecraft:rotten_flesh":15,"minecraft:netherrack":5,"minecraft:iron_chestplate":1,"minecraft:oak_door":3,"minecraft:torch":9,"minecraft:dirt":110,"minecraft:anvil":1,"minecraft:carrot":3,"minecraft:cod_bucket":2,"minecraft:tuff":8,"minecraft:granite":7,"minecraft:birch_door":1,"minecraft:lava_bucket":13,"minecraft:bookshelf":1,"minecraft:lantern":2,"minecraft:iron_axe":135,"minecraft:birch_sapling":2,"minecraft:melon_seeds":7,"minecraft:bamboo":47,"minecraft:glowstone":20,"minecraft:oak_sapling":18,"minecraft:furnace":2,"minecraft:egg":12,"minecraft:potato":19,"minecraft:seagrass":2,"minecraft:wheat_seeds":12,"minecraft:cooked_mutton":3,"minecraft:water_bucket":27,"minecraft:baked_potato":13,"minecraft:stone_pickaxe":150,"minecraft:oak_planks":3,"minecraft:cartography_table":1,"minecraft:birch_boat":1,"minecraft:sugar_cane":11,"minecraft:stonecutter":3,"minecraft:salmon":2,"minecraft:golden_apple":1,"minecraft:tnt":4,"minecraft:oak_slab":7,"minecraft:crafting_table":5,"minecraft:spider_eye":2,"minecraft:stone_brick_wall":21,"minecraft:campfire":1,"minecraft:cod":2,"minecraft:diamond_pickaxe":140,"minecraft:suspicious_stew":1,"minecraft:iron_pickaxe":250,"minecraft:map":1,"minecraft:bread":6,"minecraft:gravel":4,"minecraft:stone_axe":65,"minecraft:fishing_rod":45,"minecraft:cobblestone":132,"minecraft:purple_bed":2,"minecraft:grindstone":1,"minecraft:porkchop":2,"minecraft:bucket":43,"minecraft:oak_boat":8},"minecraft:crafted":{"minecraft:oak_door":3,"minecraft:smooth_stone":8,"minecraft:oak_planks":436,"minecraft:oak_sign":3,"minecraft:stone_brick_wall":5,"minecraft:fishing_rod":1,"minecraft:iron_nugget":9,"minecraft:purple_bed":1,"minecraft:birch_boat":1,"minecraft:furnace":1,"minecraft:stone":3,"minecraft:bookshelf":1,"minecraft:flint_and_steel":2,"minecraft:oak_trapdoor":4,"minecraft:lantern":1,"minecraft:iron_boots":1,"minecraft:iron_axe":1,"minecraft:stone_pickaxe":2,"minecraft:chest":2,"minecraft:birch_door":3,"minecraft:stone_hoe":2,"minecraft:red_dye":1,"minecraft:oak_slab":6,"minecraft:map":1,"minecraft:crafting_table":1,"minecraft:spruce_planks":20,"minecraft:enchanting_table":1,"minecraft:baked_potato":64,"minecraft:iron_helmet":1,"minecraft:iron_sword":1,"minecraft:birch_planks":28,"minecraft:campfire":1,"minecraft:stone_axe":1,"minecraft:glowstone":20,"minecraft:bread":37,"minecraft:air":0,"minecraft:cartography_table":1,"minecraft:blue_dye":1,"minecraft:tnt":2,"minecraft:oak_boat":1,"minecraft:diamond_pickaxe":1,"minecraft:charcoal":8,"minecraft:iron_chestplate":1,"minecraft:book":1,"minecraft:paper":27,"minecraft:golden_apple":4,"minecraft:purple_dye":2,"minecraft:shield":2,"minecraft:stick":32,"minecraft:compass":1,"minecraft:iron_ingot":42,"minecraft:iron_pickaxe":1,"minecraft:stone_sword":1,"minecraft:iron_block":3,"minecraft:iron_shovel":1,"minecraft:gold_ingot":35,"minecraft:anvil":1,"minecraft:stonecutter":1,"minecraft:white_bed":1,"minecraft:torch":4},"minecraft:mined":{"minecraft:nether_gold_ore":3,"minecraft:tuff":16,"minecraft:oak_door":1,"minecraft:deepslate_diamond_ore":10,"minecraft:obsidian":15,"minecraft:ladder":1,"minecraft:granite":15,"minecraft:stone_brick_wall":18,"minecraft:grass_block":103,"minecraft:spruce_leaves":34,"minecraft:red_mushroom":1,"minecraft:mangrove_propagule":1,"minecraft:sandstone":1,"minecraft:spawner":1,"minecraft:glowstone":48,"minecraft:furnace":2,"minecraft:carrots":1,"minecraft:iron_ore":8,"minecraft:fire":32,"minecraft:andesite":7,"minecraft:deepslate_lapis_ore":3,"minecraft:enchanting_table":1,"minecraft:bell":1,"minecraft:potatoes":17,"minecraft:deepslate_iron_ore":23,"minecraft:packed_ice":20,"minecraft:bamboo_sapling":3,"minecraft:bamboo":16,"minecraft:stone":189,"minecraft:oak_slab":9,"minecraft:brown_mushroom":3,"minecraft:crafting_table":4,"minecraft:poppy":7,"minecraft:chest":2,"minecraft:dead_bush":1,"minecraft:campfire":1,"minecraft:grindstone":1,"minecraft:nether_quartz_ore":3,"minecraft:cobblestone":35,"minecraft:deepslate_gold_ore":14,"minecraft:sugar_cane":22,"minecraft:oak_planks":2,"minecraft:diorite":22,"minecraft:birch_log":7,"minecraft:wheat":12,"minecraft:spruce_log":5,"minecraft:birch_leaves":4,"minecraft:tnt":4,"minecraft:grass":2,"minecraft:cocoa":5,"minecraft:oak_log":101,"minecraft:loom":1,"minecraft:gravel":12,"minecraft:sand":25,"minecraft:dirt":13,"minecraft:stonecutter":1,"minecraft:netherrack":9,"minecraft:oak_leaves":203,"minecraft:deepslate":134},"minecraft:custom":{"minecraft:interact_with_anvil":2,"minecraft:mob_kills":42,"minecraft:interact_with_crafting_table":58,"minecraft:open_barrel":8,"minecraft:leave_game":2,"minecraft:time_since_death":191587,"minecraft:climb_one_cm":13384,"minecraft:sprint_one_cm":297714,"minecraft:walk_one_cm":477775,"minecraft:damage_blocked_by_shield":1753,"minecraft:drop":39,"minecraft:talked_to_villager":1,"minecraft:play_time":216234,"minecraft:sneak_time":28779,"minecraft:deaths":2,"minecraft:walk_under_water_one_cm":55857,"minecraft:boat_one_cm":1019643,"minecraft:jump":2225,"minecraft:interact_with_brewingstand":3,"minecraft:walk_on_water_one_cm":80113,"minecraft:enchant_item":5,"minecraft:total_world_time":216234,"minecraft:interact_with_furnace":87,"minecraft:interact_with_cartography_table":3,"minecraft:interact_with_stonecutter":2,"minecraft:sleep_in_bed":11,"minecraft:time_since_rest":84065,"minecraft:damage_taken":1962,"minecraft:damage_absorbed":40,"minecraft:damage_dealt":7911,"minecraft:swim_one_cm":219409,"minecraft:fly_one_cm":444432,"minecraft:open_chest":167,"minecraft:crouch_one_cm":81180,"minecraft:fish_caught":9,"minecraft:fall_one_cm":43023,"minecraft:horse_one_cm":58861},"minecraft:picked_up":{"minecraft:cocoa_beans":11,"minecraft:seagrass":2,"minecraft:charcoal":5,"minecraft:iron_chestplate":1,"minecraft:crafting_table":5,"minecraft:birch_door":2,"minecraft:wheat":11,"minecraft:brown_mushroom":3,"minecraft:stone_brick_wall":16,"minecraft:shield":3,"minecraft:music_disc_cat":2,"minecraft:string":7,"minecraft:pufferfish":1,"minecraft:gold_nugget":16,"minecraft:cobbled_deepslate":165,"minecraft:bucket":1,"minecraft:oak_boat":8,"minecraft:poppy":7,"minecraft:iron_pickaxe":1,"minecraft:sugar_cane":20,"minecraft:chest":4,"minecraft:birch_sapling":2,"minecraft:furnace":3,"minecraft:egg":5,"minecraft:stick":9,"minecraft:raw_iron":31,"minecraft:oak_door":3,"minecraft:torch":9,"minecraft:porkchop":1,"minecraft:pointed_dripstone":1,"minecraft:diorite":33,"minecraft:carrot":3,"minecraft:redstone":8,"minecraft:iron_horse_armor":2,"minecraft:tnt":4,"minecraft:stone_shovel":1,"minecraft:stone_sword":2,"minecraft:arrow":17,"minecraft:rotten_flesh":23,"minecraft:beetroot_seeds":10,"minecraft:saddle":2,"minecraft:gold_ingot":6,"minecraft:obsidian":16,"minecraft:cod":8,"minecraft:cobblestone":294,"minecraft:birch_log":19,"minecraft:enchanting_table":1,"minecraft:feather":6,"minecraft:salmon":3,"minecraft:red_mushroom":1,"minecraft:potato":64,"minecraft:filled_map":3,"minecraft:birch_planks":4,"minecraft:flint":3,"minecraft:tuff":38,"minecraft:oak_log":120,"minecraft:lantern":1,"minecraft:gunpowder":10,"minecraft:lapis_lazuli":36,"minecraft:dirt":115,"minecraft:paper":9,"minecraft:white_banner":1,"minecraft:cooked_mutton":6,"minecraft:bone":42,"minecraft:apple":1,"minecraft:stonecutter":2,"minecraft:wheat_seeds":35,"minecraft:bell":1,"minecraft:raw_gold":14,"minecraft:grindstone":1,"minecraft:iron_ingot":3,"minecraft:stone_pickaxe":3,"minecraft:bamboo":49,"minecraft:glowstone_dust":141,"minecraft:oak_planks":23,"minecraft:oak_slab":11,"minecraft:sand":24,"minecraft:quartz":3,"minecraft:gravel":8,"minecraft:spruce_log":5,"minecraft:loom":1,"minecraft:spider_eye":5,"minecraft:pumpkin_seeds":4,"minecraft:purple_bed":1,"minecraft:diamond":13,"minecraft:stone_axe":1,"minecraft:iron_helmet":1,"minecraft:granite":14,"minecraft:oak_sapling":28,"minecraft:netherrack":9,"minecraft:mangrove_propagule":1,"minecraft:coal":2},"minecraft:dropped":{"minecraft:oak_slab":2,"minecraft:wheat_seeds":4,"minecraft:baked_potato":1,"minecraft:tnt":1,"minecraft:mangrove_propagule":1,"minecraft:cobblestone":26,"minecraft:granite":7,"minecraft:pufferfish":1,"minecraft:stick":9,"minecraft:diorite":22,"minecraft:cooked_cod":4,"minecraft:fishing_rod":1,"minecraft:bone":1,"minecraft:oak_door":1,"minecraft:gravel":3,"minecraft:stone_sword":2,"minecraft:cobbled_deepslate":12,"minecraft:bowl":1,"minecraft:pointed_dripstone":1,"minecraft:stone_shovel":1,"minecraft:obsidian":11,"minecraft:rotten_flesh":23,"minecraft:oak_planks":314,"minecraft:flint_and_steel":1,"minecraft:filled_map":5,"minecraft:shield":1,"minecraft:charcoal":1,"minecraft:oak_boat":1},"minecraft:killed":{"minecraft:witch":1,"minecraft:spider":8,"minecraft:cod":2,"minecraft:skeleton":7,"minecraft:drowned":3,"minecraft:piglin":3,"minecraft:pig":1,"minecraft:salmon":1,"minecraft:creeper":2,"minecraft:pillager":1,"minecraft:zombie":12}},"DataVersion":3465}