{"stats":{"minecraft:broken":{"minecraft:stone_pickaxe":1,"minecraft:stone_sword":1,"minecraft:iron_pickaxe":1},"minecraft:used":{"minecraft:oak_fence":2,"minecraft:diorite":1,"minecraft:leather_leggings":1,"minecraft:stone_sword":167,"minecraft:birch_planks":5,"minecraft:stone_pickaxe":174,"minecraft:shield":21,"minecraft:wooden_pickaxe":15,"minecraft:cooked_salmon":5,"minecraft:torch":99,"minecraft:dirt":3,"minecraft:crafting_table":7,"minecraft:iron_pickaxe":257,"minecraft:leather_helmet":1,"minecraft:stone_axe":57,"minecraft:magma_block":3,"minecraft:cobblestone":130,"minecraft:oak_sapling":1,"minecraft:furnace":5,"minecraft:cooked_porkchop":6,"minecraft:andesite":3,"minecraft:yellow_bed":1,"minecraft:cobbled_deepslate":41,"minecraft:smooth_stone":1,"minecraft:bone_meal":1},"minecraft:mined":{"minecraft:oak_fence":2,"minecraft:crafting_table":6,"minecraft:torch":2,"minecraft:granite":36,"minecraft:grass_block":2,"minecraft:cobblestone":6,"minecraft:copper_ore":1,"minecraft:deepslate_gold_ore":10,"minecraft:oak_planks":1,"minecraft:diorite":1,"minecraft:wall_torch":5,"minecraft:smooth_stone":1,"minecraft:hay_block":14,"minecraft:tall_seagrass":1,"minecraft:birch_planks":2,"minecraft:magma_block":9,"minecraft:furnace":5,"minecraft:birch_log":22,"minecraft:iron_ore":15,"minecraft:cobbled_deepslate":5,"minecraft:andesite":3,"minecraft:yellow_bed":2,"minecraft:grass":2,"minecraft:oak_log":11,"minecraft:coal_ore":74,"minecraft:deepslate_iron_ore":6,"minecraft:dirt":2,"minecraft:cobweb":98,"minecraft:stone":192,"minecraft:oak_leaves":1,"minecraft:deepslate":80},"minecraft:crafted":{"minecraft:oak_planks":44,"minecraft:cooked_porkchop":6,"minecraft:crafting_table":2,"minecraft:wooden_pickaxe":1,"minecraft:furnace":2,"minecraft:cooked_salmon":13,"minecraft:birch_planks":88,"minecraft:stone_axe":1,"minecraft:cooked_mutton":2,"minecraft:air":0,"minecraft:iron_boots":1,"minecraft:iron_chestplate":1,"minecraft:shield":1,"minecraft:stick":40,"minecraft:iron_ingot":20,"minecraft:iron_pickaxe":2,"minecraft:stone_pickaxe":2,"minecraft:stone_sword":3,"minecraft:gold_ingot":10,"minecraft:torch":96},"minecraft:custom":{"minecraft:interact_with_furnace":36,"minecraft:mob_kills":32,"minecraft:interact_with_crafting_table":19,"minecraft:interact_with_stonecutter":1,"minecraft:leave_game":1,"minecraft:time_since_death":79301,"minecraft:sleep_in_bed":1,"minecraft:climb_one_cm":437,"minecraft:time_since_rest":4961,"minecraft:sprint_one_cm":114498,"minecraft:damage_taken":813,"minecraft:walk_one_cm":256399,"minecraft:damage_blocked_by_shield":820,"minecraft:drop":18,"minecraft:damage_dealt":2776,"minecraft:talked_to_villager":6,"minecraft:swim_one_cm":73220,"minecraft:fly_one_cm":70239,"minecraft:open_chest":4,"minecraft:crouch_one_cm":5693,"minecraft:play_time":79301,"minecraft:sneak_time":4050,"minecraft:walk_under_water_one_cm":43111,"minecraft:jump":765,"minecraft:walk_on_water_one_cm":22001,"minecraft:total_world_time":79301,"minecraft:fall_one_cm":10365,"minecraft:horse_one_cm":48635},"minecraft:picked_up":{"minecraft:birch_log":22,"minecraft:crafting_table":6,"minecraft:magma_block":9,"minecraft:salmon":13,"minecraft:andesite":3,"minecraft:birch_planks":2,"minecraft:flint":1,"minecraft:oak_log":11,"minecraft:yellow_bed":2,"minecraft:string":110,"minecraft:dirt":4,"minecraft:raw_copper":2,"minecraft:bone":5,"minecraft:smooth_stone":1,"minecraft:cobbled_deepslate":87,"minecraft:raw_gold":10,"minecraft:beef":2,"minecraft:birch_sapling":6,"minecraft:oak_planks":7,"minecraft:furnace":5,"minecraft:stick":6,"minecraft:raw_iron":20,"minecraft:oak_fence":2,"minecraft:torch":22,"minecraft:gravel":4,"minecraft:porkchop":7,"minecraft:diorite":1,"minecraft:spider_eye":10,"minecraft:arrow":16,"minecraft:hay_block":14,"minecraft:granite":36,"minecraft:bone_meal":1,"minecraft:gray_wool":1,"minecraft:oak_sapling":1,"minecraft:mutton":2,"minecraft:coal":114,"minecraft:cobblestone":199},"minecraft:dropped":{"minecraft:gravel":4,"minecraft:birch_planks":2,"minecraft:stone_sword":1,"minecraft:cobbled_deepslate":36,"minecraft:raw_copper":2,"minecraft:birch_sapling":6,"minecraft:cobblestone":1,"minecraft:granite":36,"minecraft:dirt":1,"minecraft:gray_wool":1,"minecraft:spider_eye":10,"minecraft:arrow":16,"minecraft:stone_pickaxe":1,"minecraft:string":46},"minecraft:killed":{"minecraft:cave_spider":13,"minecraft:pig":1,"minecraft:salmon":14,"minecraft:sheep":1,"minecraft:skeleton":2,"minecraft:cow":1}},"DataVersion":3465}