{"stats":{"minecraft:broken":{"minecraft:iron_axe":1},"minecraft:used":{"minecraft:oak_trapdoor":2,"minecraft:stone_sword":42,"minecraft:iron_shovel":123,"minecraft:flint_and_steel":1,"minecraft:chest":2,"minecraft:shield":144,"minecraft:netherrack":27,"minecraft:cooked_chicken":3,"minecraft:oak_door":29,"minecraft:torch":1,"minecraft:brewing_stand":1,"minecraft:obsidian":11,"minecraft:lava_bucket":5,"minecraft:bookshelf":6,"minecraft:iron_axe":254,"minecraft:bamboo":10,"minecraft:bow":1,"minecraft:magma_block":2,"minecraft:furnace":7,"minecraft:cooked_beef":31,"minecraft:cobbled_deepslate":31,"minecraft:cherry_log":3,"minecraft:cooked_mutton":2,"minecraft:wheat_seeds":14,"minecraft:water_bucket":8,"minecraft:leather_leggings":1,"minecraft:stone_pickaxe":47,"minecraft:oak_planks":1,"minecraft:diamond_axe":1,"minecraft:sugar_cane":3,"minecraft:crafting_table":13,"minecraft:red_bed":2,"minecraft:diamond_pickaxe":921,"minecraft:diamond_shovel":6,"minecraft:birch_slab":1,"minecraft:iron_pickaxe":67,"minecraft:bread":14,"minecraft:gravel":3,"minecraft:stone_axe":79,"minecraft:diamond_sword":232,"minecraft:cobblestone":10,"minecraft:cooked_porkchop":1,"minecraft:bucket":14,"minecraft:oak_boat":7,"minecraft:splash_potion":1,"minecraft:experience_bottle":1},"minecraft:mined":{"minecraft:red_carpet":2,"minecraft:dark_oak_leaves":2,"minecraft:deepslate_diamond_ore":61,"minecraft:oak_door":23,"minecraft:cherry_log":25,"minecraft:potted_cactus":1,"minecraft:brewing_stand":1,"minecraft:obsidian":12,"minecraft:granite":5,"minecraft:grass_block":12,"minecraft:jungle_log":8,"minecraft:birch_slab":1,"minecraft:spruce_leaves":1,"minecraft:kelp":6,"minecraft:large_fern":2,"minecraft:oak_trapdoor":1,"minecraft:magma_block":8,"minecraft:furnace":6,"minecraft:cobbled_deepslate":15,"minecraft:fire":1,"minecraft:deepslate_lapis_ore":10,"minecraft:gold_block":3,"minecraft:deepslate_iron_ore":85,"minecraft:iron_bars":2,"minecraft:packed_ice":15,"minecraft:bamboo_sapling":1,"minecraft:bamboo":1,"minecraft:stone":111,"minecraft:deepslate_redstone_ore":6,"minecraft:red_bed":2,"minecraft:kelp_plant":1,"minecraft:crafting_table":3,"minecraft:poppy":1,"minecraft:melon":4,"minecraft:nether_quartz_ore":90,"minecraft:cobblestone":10,"minecraft:lapis_ore":2,"minecraft:deepslate_gold_ore":7,"minecraft:sugar_cane":6,"minecraft:oak_planks":1,"minecraft:wall_torch":1,"minecraft:pink_petals":29,"minecraft:wheat":6,"minecraft:white_carpet":3,"minecraft:grass":10,"minecraft:oak_log":237,"minecraft:coal_ore":49,"minecraft:cocoa":2,"minecraft:cherry_leaves":4,"minecraft:sand":116,"minecraft:dirt":17,"minecraft:cobweb":4,"minecraft:netherrack":385,"minecraft:oak_leaves":24,"minecraft:deepslate":136},"minecraft:crafted":{"minecraft:oak_door":6,"minecraft:oak_planks":164,"minecraft:leather_leggings":1,"minecraft:leather_boots":1,"minecraft:cooked_chicken":11,"minecraft:furnace":4,"minecraft:diamond_shovel":1,"minecraft:bookshelf":6,"minecraft:cooked_mutton":2,"minecraft:oak_trapdoor":2,"minecraft:glass":16,"minecraft:diamond_helmet":1,"minecraft:diamond_leggings":1,"minecraft:iron_boots":1,"minecraft:iron_axe":1,"minecraft:chest":2,"minecraft:diamond_boots":1,"minecraft:golden_boots":1,"minecraft:cooked_beef":53,"minecraft:diamond_sword":2,"minecraft:cooked_porkchop":13,"minecraft:diamond_axe":1,"minecraft:crafting_table":11,"minecraft:iron_helmet":1,"minecraft:bucket":1,"minecraft:stone_axe":2,"minecraft:bread":2,"minecraft:air":0,"minecraft:oak_boat":1,"minecraft:book":16,"minecraft:paper":48,"minecraft:charcoal":26,"minecraft:diamond_pickaxe":2,"minecraft:shield":3,"minecraft:stick":20,"minecraft:iron_ingot":73,"minecraft:iron_pickaxe":1,"minecraft:stone_sword":1,"minecraft:iron_shovel":1,"minecraft:iron_leggings":1,"minecraft:gold_ingot":18,"minecraft:diamond_chestplate":2},"minecraft:custom":{"minecraft:mob_kills":111,"minecraft:interact_with_crafting_table":33,"minecraft:leave_game":8,"minecraft:time_since_death":294190,"minecraft:climb_one_cm":10885,"minecraft:sprint_one_cm":816948,"minecraft:walk_one_cm":351427,"minecraft:damage_blocked_by_shield":3140,"minecraft:drop":52,"minecraft:talked_to_villager":1,"minecraft:play_time":294190,"minecraft:sneak_time":7571,"minecraft:walk_under_water_one_cm":84251,"minecraft:boat_one_cm":770625,"minecraft:jump":5427,"minecraft:interact_with_brewingstand":2,"minecraft:walk_on_water_one_cm":69098,"minecraft:enchant_item":1,"minecraft:total_world_time":294190,"minecraft:interact_with_furnace":64,"minecraft:sleep_in_bed":7,"minecraft:time_since_rest":26381,"minecraft:damage_taken":1917,"minecraft:damage_dealt":16157,"minecraft:player_kills":1,"minecraft:swim_one_cm":674498,"minecraft:fly_one_cm":1404001,"minecraft:open_chest":97,"minecraft:crouch_one_cm":4958,"minecraft:use_cauldron":1,"minecraft:fall_one_cm":120073,"minecraft:horse_one_cm":204113},"minecraft:picked_up":{"minecraft:cocoa_beans":6,"minecraft:crafting_table":3,"minecraft:wheat":6,"minecraft:chicken":14,"minecraft:flower_pot":1,"minecraft:gold_block":2,"minecraft:brewing_stand":1,"minecraft:oak_trapdoor":1,"minecraft:string":8,"minecraft:red_bed":2,"minecraft:flint_and_steel":1,"minecraft:white_carpet":3,"minecraft:cobbled_deepslate":143,"minecraft:beef":53,"minecraft:oak_boat":6,"minecraft:melon_slice":24,"minecraft:sugar_cane":16,"minecraft:furnace":6,"minecraft:egg":6,"minecraft:stick":6,"minecraft:raw_iron":82,"minecraft:oak_door":25,"minecraft:copper_ingot":2,"minecraft:torch":1,"minecraft:porkchop":18,"minecraft:cherry_log":25,"minecraft:redstone":25,"minecraft:arrow":26,"minecraft:cactus":1,"minecraft:rotten_flesh":15,"minecraft:obsidian":22,"minecraft:mutton":4,"minecraft:iron_bars":2,"minecraft:white_wool":1,"minecraft:cobblestone":121,"minecraft:pink_petals":68,"minecraft:magma_block":11,"minecraft:feather":17,"minecraft:birch_slab":1,"minecraft:jungle_log":8,"minecraft:leather":30,"minecraft:potato":1,"minecraft:oak_log":237,"minecraft:gunpowder":2,"minecraft:lapis_lazuli":65,"minecraft:dirt":22,"minecraft:bone":27,"minecraft:red_carpet":2,"minecraft:apple":5,"minecraft:bow":1,"minecraft:wheat_seeds":15,"minecraft:raw_gold":7,"minecraft:iron_ingot":3,"minecraft:stone_pickaxe":1,"minecraft:bamboo":9,"minecraft:oak_planks":50,"minecraft:book":2,"minecraft:quartz":90,"minecraft:sand":88,"minecraft:spider_eye":4,"minecraft:diamond":60,"minecraft:granite":5,"minecraft:cherry_sapling":6,"minecraft:netherrack":383,"minecraft:oak_sapling":8,"minecraft:coal":49},"minecraft:dropped":{"minecraft:iron_ingot":5,"minecraft:wheat_seeds":1,"minecraft:cooked_beef":8,"minecraft:tnt":1,"minecraft:diamond":1,"minecraft:feather":8,"minecraft:cobblestone":20,"minecraft:book":2,"minecraft:apple":1,"minecraft:granite":5,"minecraft:copper_ingot":2,"minecraft:stick":3,"minecraft:dirt":3,"minecraft:iron_pickaxe":1,"minecraft:iron_shovel":1,"minecraft:pink_petals":4,"minecraft:redstone":25,"minecraft:bone":7,"minecraft:oak_door":1,"minecraft:furnace":2,"minecraft:stone_axe":1,"minecraft:iron_nugget":1,"minecraft:stone_sword":1,"minecraft:obsidian":2,"minecraft:raw_iron":5,"minecraft:rotten_flesh":3,"minecraft:oak_planks":56,"minecraft:filled_map":2,"minecraft:diamond_sword":1,"minecraft:potato":1,"minecraft:flower_pot":1,"minecraft:gunpowder":1,"minecraft:diamond_chestplate":1,"minecraft:diamond_pickaxe":1,"minecraft:leather_boots":1,"minecraft:oak_sapling":2,"minecraft:leather_leggings":1,"minecraft:spider_eye":2,"minecraft:arrow":6,"minecraft:iron_bars":2,"minecraft:stone_pickaxe":1,"minecraft:raw_gold":7,"minecraft:magma_block":3},"minecraft:killed":{"minecraft:cave_spider":1,"minecraft:witch":1,"minecraft:spider":6,"minecraft:skeleton":25,"minecraft:chicken":14,"minecraft:drowned":4,"minecraft:piglin":1,"minecraft:pig":8,"minecraft:creeper":1,"minecraft:sheep":3,"minecraft:zombie":18,"minecraft:glow_squid":3,"minecraft:cow":26}},"DataVersion":3465}