{"stats":{"minecraft:broken":{"minecraft:wooden_pickaxe":1,"minecraft:stone_pickaxe":1,"minecraft:iron_axe":1,"minecraft:stone_axe":2,"minecraft:iron_sword":1,"minecraft:stone_shovel":2},"minecraft:killed_by":{"minecraft:pillager":2,"minecraft:ravager":1,"minecraft:skeleton":2,"minecraft:witch":1,"minecraft:vex":1},"minecraft:used":{"minecraft:oak_trapdoor":1,"minecraft:oak_fence":19,"minecraft:enchanting_table":1,"minecraft:stone_sword":23,"minecraft:stone_shovel":520,"minecraft:ladder":6,"minecraft:oak_sign":1,"minecraft:chest":3,"minecraft:shield":60,"minecraft:iron_sword":327,"minecraft:cooked_chicken":3,"minecraft:stone_hoe":90,"minecraft:oak_door":2,"minecraft:torch":59,"minecraft:dirt":436,"minecraft:carrot":29,"minecraft:oak_fence_gate":1,"minecraft:lava_bucket":2,"minecraft:bookshelf":10,"minecraft:iron_axe":254,"minecraft:iron_boots":3,"minecraft:scaffolding":77,"minecraft:oak_sapling":6,"minecraft:furnace":4,"minecraft:egg":3,"minecraft:cooked_beef":22,"minecraft:potato":44,"minecraft:cobbled_deepslate":46,"minecraft:pointed_dripstone":3,"minecraft:wheat_seeds":115,"minecraft:water_bucket":11,"minecraft:baked_potato":8,"minecraft:cartography_table":2,"minecraft:oak_planks":1296,"minecraft:stone_pickaxe":271,"minecraft:polished_andesite":30,"minecraft:wooden_pickaxe":59,"minecraft:cauldron":1,"minecraft:sugar_cane":16,"minecraft:sand":6,"minecraft:oak_slab":145,"minecraft:crafting_table":15,"minecraft:stone_brick_wall":2,"minecraft:white_bed":4,"minecraft:campfire":1,"minecraft:black_bed":2,"minecraft:apple":3,"minecraft:bread":11,"minecraft:iron_pickaxe":149,"minecraft:stone_axe":274,"minecraft:diamond_sword":80,"minecraft:cobblestone":27,"minecraft:cooked_porkchop":5,"minecraft:bucket":15,"minecraft:glass_pane":63,"minecraft:oak_boat":3,"minecraft:bone_meal":18},"minecraft:crafted":{"minecraft:oak_door":3,"minecraft:oak_planks":1232,"minecraft:stone_shovel":5,"minecraft:cooked_chicken":1,"minecraft:furnace":3,"minecraft:bone_meal":18,"minecraft:bookshelf":10,"minecraft:cooked_mutton":6,"minecraft:glass_pane":80,"minecraft:flint_and_steel":1,"minecraft:scaffolding":42,"minecraft:glass":32,"minecraft:iron_axe":1,"minecraft:ladder":9,"minecraft:melon_seeds":6,"minecraft:stone_pickaxe":4,"minecraft:chest":3,"minecraft:stone_hoe":2,"minecraft:oak_fence":18,"minecraft:wheat":171,"minecraft:cooked_beef":30,"minecraft:oak_slab":138,"minecraft:cauldron":1,"minecraft:cooked_porkchop":5,"minecraft:crafting_table":5,"minecraft:wooden_pickaxe":1,"minecraft:baked_potato":8,"minecraft:iron_sword":1,"minecraft:bucket":2,"minecraft:birch_planks":20,"minecraft:campfire":1,"minecraft:stone_axe":3,"minecraft:bread":47,"minecraft:air":0,"minecraft:oak_fence_gate":1,"minecraft:oak_boat":2,"minecraft:book":32,"minecraft:paper":39,"minecraft:charcoal":14,"minecraft:shield":2,"minecraft:stick":88,"minecraft:iron_ingot":40,"minecraft:iron_pickaxe":2,"minecraft:stone_sword":1,"minecraft:black_bed":1,"minecraft:gold_ingot":7,"minecraft:white_bed":1,"minecraft:torch":80,"minecraft:shears":1,"minecraft:polished_andesite":20},"minecraft:mined":{"minecraft:large_amethyst_bud":1,"minecraft:white_bed":2,"minecraft:oak_sapling":2,"minecraft:deepslate_diamond_ore":1,"minecraft:oak_door":1,"minecraft:mangrove_roots":1,"minecraft:granite":19,"minecraft:grass_block":451,"minecraft:cartography_table":2,"minecraft:sandstone":10,"minecraft:hay_block":19,"minecraft:oak_trapdoor":3,"minecraft:carrots":5,"minecraft:furnace":3,"minecraft:iron_ore":10,"minecraft:fire":9,"minecraft:andesite":20,"minecraft:pumpkin":16,"minecraft:deepslate_lapis_ore":11,"minecraft:enchanting_table":1,"minecraft:pointed_dripstone":4,"minecraft:potatoes":21,"minecraft:deepslate_iron_ore":42,"minecraft:stripped_oak_log":1,"minecraft:bamboo":11,"minecraft:stone":190,"minecraft:deepslate_redstone_ore":11,"minecraft:oak_slab":23,"minecraft:scaffolding":51,"minecraft:glass_pane":1,"minecraft:amethyst_cluster":3,"minecraft:oak_fence":1,"minecraft:crafting_table":14,"minecraft:torch":14,"minecraft:melon":1,"minecraft:campfire":1,"minecraft:cobblestone":14,"minecraft:tall_grass":18,"minecraft:deepslate_gold_ore":24,"minecraft:sugar_cane":62,"minecraft:oak_planks":45,"minecraft:wall_torch":8,"minecraft:birch_log":12,"minecraft:wheat":87,"minecraft:black_bed":1,"minecraft:grass":315,"minecraft:oak_log":417,"minecraft:coal_ore":47,"minecraft:gravel":15,"minecraft:sand":49,"minecraft:dirt":95,"minecraft:stonecutter":1,"minecraft:polished_andesite":10,"minecraft:oak_leaves":121,"minecraft:deepslate":53,"minecraft:fern":36},"minecraft:custom":{"minecraft:mob_kills":111,"minecraft:interact_with_crafting_table":72,"minecraft:open_barrel":8,"minecraft:interact_with_campfire":3,"minecraft:leave_game":3,"minecraft:time_since_death":39194,"minecraft:climb_one_cm":27757,"minecraft:sprint_one_cm":521245,"minecraft:walk_one_cm":1189408,"minecraft:damage_blocked_by_shield":2090,"minecraft:drop":86,"minecraft:talked_to_villager":6,"minecraft:raid_win":1,"minecraft:play_time":398366,"minecraft:sneak_time":10692,"minecraft:deaths":7,"minecraft:walk_under_water_one_cm":64693,"minecraft:boat_one_cm":895150,"minecraft:jump":2149,"minecraft:walk_on_water_one_cm":131826,"minecraft:enchant_item":3,"minecraft:total_world_time":398366,"minecraft:interact_with_furnace":59,"minecraft:interact_with_cartography_table":1,"minecraft:raid_trigger":1,"minecraft:interact_with_stonecutter":1,"minecraft:sleep_in_bed":10,"minecraft:time_since_rest":39232,"minecraft:damage_taken":5358,"minecraft:damage_dealt":22913,"minecraft:player_kills":1,"minecraft:swim_one_cm":111274,"minecraft:fly_one_cm":166383,"minecraft:open_chest":101,"minecraft:crouch_one_cm":44542,"minecraft:fall_one_cm":30543,"minecraft:interact_with_smoker":4,"minecraft:horse_one_cm":1835616},"minecraft:picked_up":{"minecraft:charcoal":2,"minecraft:crafting_table":21,"minecraft:wheat":76,"minecraft:diamond_sword":1,"minecraft:stone_brick_wall":2,"minecraft:shield":5,"minecraft:oak_trapdoor":3,"minecraft:string":4,"minecraft:flint_and_steel":1,"minecraft:oak_sign":1,"minecraft:cartography_table":2,"minecraft:cobbled_deepslate":66,"minecraft:beef":30,"minecraft:oak_boat":1,"minecraft:iron_pickaxe":6,"minecraft:melon_slice":6,"minecraft:sugar_cane":122,"minecraft:iron_boots":5,"minecraft:furnace":6,"minecraft:egg":6,"minecraft:stick":62,"minecraft:raw_iron":60,"minecraft:sandstone":10,"minecraft:oak_door":1,"minecraft:oak_fence":1,"minecraft:torch":90,"minecraft:porkchop":5,"minecraft:pointed_dripstone":13,"minecraft:carrot":14,"minecraft:redstone":126,"minecraft:cactus":20,"minecraft:tnt":1,"minecraft:rotten_flesh":9,"minecraft:stone_sword":1,"minecraft:arrow":14,"minecraft:stone_shovel":3,"minecraft:diamond_chestplate":1,"minecraft:hay_block":19,"minecraft:totem_of_undying":2,"minecraft:saddle":5,"minecraft:mangrove_roots":1,"minecraft:obsidian":8,"minecraft:mutton":14,"minecraft:white_wool":6,"minecraft:cobblestone":361,"minecraft:stripped_oak_log":1,"minecraft:birch_log":12,"minecraft:enchanting_table":1,"minecraft:cooked_beef":113,"minecraft:water_bucket":3,"minecraft:andesite":20,"minecraft:black_bed":1,"minecraft:leather":22,"minecraft:filled_map":1,"minecraft:potato":77,"minecraft:flint":1,"minecraft:oak_log":513,"minecraft:lily_pad":1,"minecraft:gunpowder":1,"minecraft:lapis_lazuli":96,"minecraft:dirt":649,"minecraft:white_banner":16,"minecraft:bone":20,"minecraft:kelp":30,"minecraft:apple":7,"minecraft:stonecutter":1,"minecraft:bow":1,"minecraft:wheat_seeds":254,"minecraft:raw_gold":42,"minecraft:iron_ingot":17,"minecraft:stone_pickaxe":1,"minecraft:cooked_chicken":3,"minecraft:glass_bottle":5,"minecraft:bamboo":71,"minecraft:stone_hoe":3,"minecraft:iron_sword":6,"minecraft:oak_planks":368,"minecraft:scaffolding":158,"minecraft:oak_slab":23,"minecraft:pumpkin":15,"minecraft:gravel":44,"minecraft:sand":59,"minecraft:amethyst_shard":12,"minecraft:spruce_sapling":1,"minecraft:white_bed":3,"minecraft:grass_block":3,"minecraft:spider_eye":3,"minecraft:polished_andesite":10,"minecraft:sugar":4,"minecraft:diamond":2,"minecraft:stone_axe":1,"minecraft:crossbow":2,"minecraft:granite":19,"minecraft:bread":76,"minecraft:gray_wool":1,"minecraft:emerald":11,"minecraft:oak_sapling":44,"minecraft:melon_seeds":1,"minecraft:black_wool":3,"minecraft:coal":106,"minecraft:ender_pearl":2,"minecraft:diamond_pickaxe":1},"minecraft:dropped":{"minecraft:iron_ingot":3,"minecraft:bread":3,"minecraft:wheat_seeds":13,"minecraft:oak_log":51,"minecraft:glass_bottle":1,"minecraft:cobblestone":43,"minecraft:apple":1,"minecraft:dirt":64,"minecraft:white_banner":9,"minecraft:stonecutter":1,"minecraft:sand":1,"minecraft:lily_pad":1,"minecraft:string":1,"minecraft:mangrove_roots":1,"minecraft:cooked_chicken":1,"minecraft:stone_sword":1,"minecraft:cobbled_deepslate":14,"minecraft:stone_shovel":1,"minecraft:rotten_flesh":6,"minecraft:cooked_mutton":6,"minecraft:stone_pickaxe":1,"minecraft:bow":1},"minecraft:killed":{"minecraft:evoker":1,"minecraft:witch":6,"minecraft:vindicator":7,"minecraft:spider":10,"minecraft:skeleton":10,"minecraft:drowned":3,"minecraft:pig":2,"minecraft:zombie_villager":1,"minecraft:ravager":1,"minecraft:sheep":10,"minecraft:pillager":18,"minecraft:zombie":20,"minecraft:cow":17,"minecraft:enderman":2}},"DataVersion":3465}